<?xml version="1.0" encoding="UTF-8" ?>
<rss version="2.0">
    <channel>
      <title>Pensivity</title>
      <link>https://pensivity.xyz</link>
      <description>Last 10 notes on Pensivity</description>
      <generator>Quartz -- quartz.jzhao.xyz</generator>
      <item>
    <title>Portfolio</title>
    <link>https://pensivity.xyz/portfolio/</link>
    <guid>https://pensivity.xyz/portfolio/</guid>
    <description>Fun things that Senn has done.</description>
    <pubDate>Sun, 21 Apr 2024 01:04:03 GMT</pubDate>
  </item><item>
    <title>ResBaz QLD 2023 - Looking for ongoing 1-on-1 mentorship after ResBaz? Start here!</title>
    <link>https://pensivity.xyz/portfolio/2023-11_resbazqld2023-looking-for-ongoing-mentorship</link>
    <guid>https://pensivity.xyz/portfolio/2023-11_resbazqld2023-looking-for-ongoing-mentorship</guid>
    <description>Slides and runsheet for a 2023 workshop on mentorship.</description>
    <pubDate>Sun, 21 Apr 2024 01:04:03 GMT</pubDate>
  </item><item>
    <title>ResBaz QLD 2023 - Dealing with impostor syndrome: You are not alone</title>
    <link>https://pensivity.xyz/portfolio/2023-11_resbazqld2023-dealing-with-impostor-syndrome</link>
    <guid>https://pensivity.xyz/portfolio/2023-11_resbazqld2023-dealing-with-impostor-syndrome</guid>
    <description>Slides and runsheet for a 2023 workshop on impostor syndrome.</description>
    <pubDate>Sun, 21 Apr 2024 01:04:03 GMT</pubDate>
  </item><item>
    <title>Jellyfish Lampshade</title>
    <link>https://pensivity.xyz/portfolio/2023-11_jellyfish-lampshade</link>
    <guid>https://pensivity.xyz/portfolio/2023-11_jellyfish-lampshade</guid>
    <description>A lampshade made to look like a jellyfish.</description>
    <pubDate>Sun, 21 Apr 2024 01:04:03 GMT</pubDate>
  </item><item>
    <title>Home</title>
    <link>https://pensivity.xyz/</link>
    <guid>https://pensivity.xyz/</guid>
    <description>Senn's little corner of the internet.</description>
    <pubDate>Mon, 13 Mar 2023 00:00:00 GMT</pubDate>
  </item>
    </channel>
  </rss>