{"index":{"title":"Home","links":["portfolio/"],"tags":[],"content":"Hi there! My name is Senn (they/them), and it’s nice to meet you!\nPerhaps the best way to describe who I am and what I do is to call me a creative dabbler. If you can name something, chances are I’ve either tried to make it or want to try to make it - success isn’t guaranteed, but the trying certainly is. Recently, I’ve been making games and learning different types of fabric crafts. I also have a portfolio here on this website of a selection of things I’ve done that I’m particularly proud of.\nOn the professional and career side of life, the two threads connecting my experiences together are information and education. At the moment, my work is focused on upskilling researchers and university students in IT and programming. I’m also studying a Master of Information Science (Extended) at Curtin University with the aim of becoming a librarian.\nSo that’s me in a nutshell! If you’d like to say hi, you can reach me at senn@pensivity.xyz or find me on Mastodon. Thanks for reading, and have a great day."},"portfolio/2023-11_jellyfish-lampshade":{"title":"Jellyfish Lampshade","links":[],"tags":[],"content":"This beauty took maybe 6 months’ worth of Saturday mornings to finish. It’s made of brass wire, rose quartz, freshwater pearls, organza, tulle with fake pearls, and thread.\nThe hardest bit to finish was the part that attaches to the lampstand. It’s hidden underneath the lightbulb, so it’s not visible in the pictures, but it was a hassle to get the sizing and fit right and I’m super proud that I managed it.\nThese photos were taken by my teacher, Minnie Black, who runs The Goldsmiths’ School over in Bardon. A lot of this project wouldn’t have been possible without her guidance.\n\n\n"},"portfolio/2023-11_resbazqld2023-dealing-with-impostor-syndrome":{"title":"ResBaz QLD 2023 - Dealing with impostor syndrome: You are not alone","links":["files/2023-11_dealing-with-impostor-syndrome-slides.pptx","files/2023-11_dealing-with-impostor-syndrome-runsheet.docx"],"tags":[],"content":"I put together and ran this workshop having been inspired by Amanda Miotto’s talk on impostor syndrome at ResBaz QLD 2022. It was my first time in a long while doing something like this, and I honestly felt a bit rusty, but I got good feedback from my 8 attendees. Here’s hoping I get to do more like this in the future!\nI’m releasing my materials under CC BY-NC-SA 4.0 so that you can remix and reuse them if you want:\n\nSlides (Note that the slide design is “Organic design” which I think might be Microsoft copyrighted, so maybe change that.)\nRunsheet\n"},"portfolio/2023-11_resbazqld2023-looking-for-ongoing-mentorship":{"title":"ResBaz QLD 2023 - Looking for ongoing 1-on-1 mentorship after ResBaz? Start here!","links":["files/2023-11_looking-for-ongoing-mentorship-slides.pptx","files/2023-11_looking-for-ongoing-mentorship-runsheet.docx"],"tags":[],"content":"I put together and ran this workshop having thought about the importance of having people you can trust to guide you through difficult journeys, of which research is one. A lot of people have guided (and will continue to guide!) me, and I think it’s important to pass the spirit of it on. Pay it forward, as the saying goes.\nI’m releasing my materials under CC BY-NC-SA 4.0 so that you can remix and reuse them if you want:\n\nSlides\nRunsheet\n"},"portfolio/index":{"title":"Portfolio","links":[],"tags":[],"content":"I like to keep life interesting for myself. Here’s a selection of things I’ve done in service of that."}}